{"client_meta":{"background_color":{"r":0.11764705926179886,"g":0.11764705926179886,"b":0.11764705926179886,"a":1},"thumbnail_size":{"width":158,"height":400},"render_coordinates":{"x":-960,"y":-1705,"width":1920,"height":4867}},"file_name":"Online Flower shop","developer_related_links":[]}